hospital_id,hospital_name,city,pincode,specialty,total_beds,icu_beds,ventilators,doctors_available,nurses_available,oxygen_cylinders,ppe_kits,emergency_available,rating,contact_number,last_updated
1,Pulse Multi‑Speciality Hospital,Chennai,600002,Dermatology,183,6,3,6,32,183,398,No,3.1,+917697320852,2025-11-29 02:05:03
2,Manipal Hospital,Mumbai,400005,ENT,359,25,18,19,101,80,94,No,3.8,+918265133350,2025-11-29 02:05:03
3,Continental Hospitals,Mumbai,400005,Emergency Medicine,169,32,18,6,114,88,59,Yes,4.8,+918953229750,2025-11-29 02:05:03
4,Wellness Hospital,Bengaluru,560001,Gynecology,49,7,6,43,108,50,147,Yes,3.6,+917415507520,2025-11-29 02:05:03
5,Trinity Healthcare,Mumbai,400001,Gynecology,385,72,8,12,116,49,251,Yes,4.9,+917747123693,2025-11-29 02:05:03
6,Continental Hospitals,Chennai,600003,Oncology,58,8,4,23,90,15,306,Yes,4.5,+917509460368,2025-11-29 02:05:03
7,Sanjeevani Hospital,Hyderabad,500003,Emergency Medicine,89,15,14,49,111,20,283,Yes,4.7,+917462639041,2025-11-29 02:05:03
8,Sunshine Hospitals,Hyderabad,500002,Cardiology,386,46,36,27,102,192,124,No,3.3,+918522680147,2025-11-29 02:05:03
9,KIMS Hospital,Bengaluru,560002,Pulmonology,38,7,5,40,42,150,325,No,3.2,+919941870972,2025-11-29 02:05:03
10,Vibrant Life Hospital,Mumbai,400005,Emergency Medicine,256,13,12,36,34,69,327,Yes,3.5,+917353658318,2025-11-29 02:05:03
11,Max Super Speciality Hospital,Chennai,600001,Gastroenterology,42,6,6,32,77,15,180,No,4.3,+916976213796,2025-11-29 02:05:03
12,Horizon Super Speciality,Pune,411002,Cardiology,288,11,7,24,84,70,210,No,4.8,+917463910279,2025-11-29 02:05:03
13,Manipal Hospital,Hyderabad,500004,Emergency Medicine,168,27,23,15,114,162,77,Yes,4.8,+918116327404,2025-11-29 02:05:03
14,Prime Care Hospital,Bengaluru,560003,Dermatology,356,14,6,33,70,78,166,No,3.9,+917639172777,2025-11-29 02:05:03
15,Horizon Super Speciality,Chennai,600003,Gynecology,70,9,3,40,67,124,159,Yes,4.3,+917267643620,2025-11-29 02:05:03
16,City Care Hospital,Bengaluru,560003,Nephrology,368,12,10,38,59,110,374,No,4.1,+916854539168,2025-11-29 02:05:03
17,Harmony Health Center,Hyderabad,500003,Oncology,223,36,12,24,113,73,340,Yes,4.0,+918672397440,2025-11-29 02:05:03
18,Medicover Hospital,Hyderabad,500001,Urology,269,43,32,10,110,28,364,Yes,4.5,+916388159458,2025-11-29 02:05:03
19,MetroCare Hospital,Chennai,600003,Dermatology,86,14,7,22,113,105,191,Yes,4.2,+917346892238,2025-11-29 02:05:03
20,Aster Prime Hospital,Hyderabad,500005,Emergency Medicine,50,5,3,43,20,80,33,No,3.1,+916574008509,2025-11-29 02:05:03
21,Vinn Hospital,Chennai,600003,Dermatology,322,20,5,31,64,46,122,Yes,4.2,+916438741028,2025-11-29 02:05:03
22,Vasan Eye Care,Mumbai,400004,Neurology,354,11,8,47,87,16,200,No,3.3,+917346068712,2025-11-29 02:05:03
23,Omega Hospitals,Pune,411004,Pulmonology,128,24,18,42,27,111,141,No,5.0,+916245295618,2025-11-29 02:05:03
24,Manipal Hospital,Bengaluru,560001,ICU Care,237,27,22,49,120,119,374,Yes,3.1,+919632060255,2025-11-29 02:05:03
25,Unity Hospital,Mumbai,400002,Gynecology,362,67,28,13,39,54,134,No,3.9,+919083401190,2025-11-29 02:05:03
26,Wellness Hospital,Mumbai,400003,Gastroenterology,94,18,13,20,61,65,270,No,4.4,+918671480022,2025-11-29 02:05:03
27,Manipal Hospital,Hyderabad,500002,Neurology,346,48,47,30,77,72,304,Yes,4.9,+918315815795,2025-11-29 02:05:03
28,Vibrant Life Hospital,Mumbai,400005,Neurology,218,11,10,22,76,65,385,No,4.1,+919699585052,2025-11-29 02:05:03
29,Unity Hospital,Chennai,600003,Dermatology,379,15,7,43,10,71,304,Yes,3.2,+916741279168,2025-11-29 02:05:03
30,Grace Care Hospital,Pune,411001,Nephrology,294,14,14,50,37,78,247,No,4.2,+919007589429,2025-11-29 02:05:03
31,Yashoda Hospital,Chennai,600005,Neurology,364,59,58,23,106,37,85,Yes,4.0,+918478582204,2025-11-29 02:05:03
32,Revive Medical Center,Mumbai,400005,Oncology,226,37,5,6,64,161,146,Yes,4.9,+916199891995,2025-11-29 02:05:03
33,Max Super Speciality Hospital,Chennai,600003,Cardiology,139,6,5,35,17,11,206,No,4.8,+916229856761,2025-11-29 02:05:03
34,City Care Hospital,Hyderabad,500002,Gastroenterology,388,74,28,25,70,44,93,No,3.0,+916944835437,2025-11-29 02:05:03
35,Rainbow Children’s Hospital,Hyderabad,500002,Emergency Medicine,298,58,3,8,109,144,316,Yes,4.8,+919720056435,2025-11-29 02:05:03
36,Nexus Hospital,Hyderabad,500004,Pulmonology,367,36,17,39,21,195,41,Yes,3.8,+919541897603,2025-11-29 02:05:03
37,Vibrant Life Hospital,Pune,411001,Gynecology,363,26,9,15,13,23,271,Yes,3.7,+917007297313,2025-11-29 02:05:03
38,Vinn Hospital,Hyderabad,500005,Orthopedics,40,7,6,45,120,61,127,Yes,3.9,+919040192059,2025-11-29 02:05:03
39,Manipal Hospital,Hyderabad,500004,Gynecology,392,78,2,41,35,87,215,Yes,4.6,+918694860156,2025-11-29 02:05:03
40,MetroCare Hospital,Hyderabad,500004,Cardiology,79,10,3,49,120,145,269,No,4.6,+919153932585,2025-11-29 02:05:03
41,Horizon Super Speciality,Bengaluru,560004,Cardiology,305,17,14,42,60,63,307,No,4.0,+917653095847,2025-11-29 02:05:03
42,Narayana Health,Bengaluru,560005,Nephrology,39,7,2,41,118,73,315,Yes,4.5,+917105355494,2025-11-29 02:05:03
43,Artemis Medicare,Pune,411004,Pediatrics,263,18,9,24,105,161,101,No,4.9,+919235022708,2025-11-29 02:05:03
44,Yashoda Hospital,Hyderabad,500004,ICU Care,389,16,5,29,14,65,158,Yes,4.6,+916976396940,2025-11-29 02:05:03
45,CureOne Medical Center,Pune,411003,General Medicine,85,12,10,13,113,102,366,No,3.1,+916538822358,2025-11-29 02:05:03
46,Rainbow Children’s Hospital,Hyderabad,500002,Oncology,199,31,24,39,21,64,203,No,3.9,+919029107109,2025-11-29 02:05:03
47,City Care Hospital,Pune,411005,ENT,70,14,7,15,67,51,148,Yes,3.3,+917024610801,2025-11-29 02:05:03
48,Harmony Health Center,Chennai,600004,Oncology,272,29,26,14,38,180,246,Yes,3.8,+916306627703,2025-11-29 02:05:03
49,Lifeline Hospital,Mumbai,400002,Emergency Medicine,357,25,18,21,101,35,376,No,3.5,+918021491289,2025-11-29 02:05:03
50,Star Hospitals,Chennai,600002,Pediatrics,347,61,19,42,31,26,184,No,3.2,+919414383795,2025-11-29 02:05:03
51,Vinn Hospital,Chennai,600004,General Medicine,298,15,9,31,81,40,242,Yes,3.3,+919677120784,2025-11-29 02:05:03
52,Elite Multi‑Speciality Hospital,Bengaluru,560003,Nephrology,61,9,2,26,109,166,348,No,3.4,+916599794490,2025-11-29 02:05:03
53,Medicover Hospital,Chennai,600003,Pediatrics,262,11,2,23,115,77,299,Yes,4.1,+919228459827,2025-11-29 02:05:03
54,Continental Hospitals,Mumbai,400001,Gastroenterology,194,19,3,9,14,135,391,Yes,3.4,+916700917867,2025-11-29 02:05:03
55,Max Super Speciality Hospital,Pune,411003,Orthopedics,330,17,12,11,87,57,305,No,4.2,+919280821005,2025-11-29 02:05:03
56,Medicover Hospital,Pune,411005,Emergency Medicine,211,14,12,37,79,183,315,Yes,4.5,+917004957566,2025-11-29 02:05:03
57,Sanjeevani Hospital,Hyderabad,500005,Gynecology,260,50,15,43,59,10,136,Yes,4.9,+916471419818,2025-11-29 02:05:03
58,Sunshine Hospitals,Pune,411003,Gynecology,87,5,2,13,59,88,260,No,3.8,+917589597448,2025-11-29 02:05:03
59,Elite Multi‑Speciality Hospital,Chennai,600001,ENT,268,6,6,7,102,38,278,No,4.4,+919947790281,2025-11-29 02:05:03
60,Global Hospitals,Hyderabad,500002,Pediatrics,159,21,3,20,74,184,373,Yes,4.2,+917160042779,2025-11-29 02:05:03
61,Ankura Hospital,Chennai,600003,Dermatology,124,11,6,32,74,144,119,Yes,3.1,+919124449176,2025-11-29 02:05:03
62,Star Hospitals,Mumbai,400003,Cardiology,326,65,8,32,13,45,84,Yes,3.5,+918958167155,2025-11-29 02:05:03
63,Continental Hospitals,Bengaluru,560005,Oncology,170,19,2,26,74,113,391,No,4.7,+919763770190,2025-11-29 02:05:03
64,Nexus Hospital,Mumbai,400002,ENT,305,23,14,37,77,177,330,Yes,3.9,+918578544803,2025-11-29 02:05:03
65,Harmony Health Center,Chennai,600001,Nephrology,150,6,6,37,11,162,109,No,3.9,+917410064931,2025-11-29 02:05:03
66,Star Hospitals,Chennai,600002,Urology,164,22,3,24,96,158,118,Yes,3.9,+919183928043,2025-11-29 02:05:03
67,CureOne Medical Center,Hyderabad,500002,Pediatrics,357,52,34,14,24,89,125,No,3.5,+917260680459,2025-11-29 02:05:03
68,Ankura Hospital,Hyderabad,500002,General Medicine,143,9,5,34,69,184,281,No,4.9,+919209949726,2025-11-29 02:05:03
69,Unity Hospital,Chennai,600001,General Medicine,215,15,15,5,11,148,57,Yes,4.5,+918922840568,2025-11-29 02:05:03
70,Prerana Hospital,Chennai,600002,Pediatrics,221,11,5,6,46,120,171,No,4.6,+919377274876,2025-11-29 02:05:03
71,Max Super Speciality Hospital,Bengaluru,560002,Dermatology,243,37,35,31,70,103,231,Yes,4.1,+918781411386,2025-11-29 02:05:03
72,Prime Care Hospital,Chennai,600002,Oncology,137,21,21,42,48,94,300,Yes,4.4,+918254738199,2025-11-29 02:05:03
73,Prerana Hospital,Hyderabad,500003,Cardiology,74,6,2,35,99,197,337,No,3.0,+916363628395,2025-11-29 02:05:03
74,CureOne Medical Center,Hyderabad,500003,Dermatology,107,13,10,45,65,95,256,No,3.0,+916307459985,2025-11-29 02:05:03
75,Fortis Healthcare,Mumbai,400004,ICU Care,334,65,24,33,32,140,152,Yes,5.0,+917019900429,2025-11-29 02:05:03
76,Harmony Health Center,Bengaluru,560003,Orthopedics,351,31,27,19,59,106,27,No,3.1,+916185836399,2025-11-29 02:05:03
77,Sunshine Hospitals,Hyderabad,500003,Gastroenterology,251,21,18,9,83,95,318,No,4.8,+916841389533,2025-11-29 02:05:03
78,City Care Hospital,Bengaluru,560002,Oncology,53,5,5,19,112,194,134,Yes,4.3,+916978475689,2025-11-29 02:05:03
79,Nexus Hospital,Hyderabad,500004,Oncology,101,16,12,50,91,32,393,No,4.3,+918560305380,2025-11-29 02:05:03
80,Elite Multi‑Speciality Hospital,Bengaluru,560002,Cardiology,151,10,6,18,28,189,254,Yes,4.7,+916423280200,2025-11-29 02:05:03
81,Omega Hospitals,Hyderabad,500002,Pediatrics,184,15,4,33,37,19,314,No,4.3,+918036924079,2025-11-29 02:05:03
82,Pulse Multi‑Speciality Hospital,Bengaluru,560001,Nephrology,100,8,5,7,31,100,44,Yes,4.4,+916886534595,2025-11-29 02:05:03
83,Fortis Healthcare,Hyderabad,500005,ENT,85,12,4,10,85,35,70,Yes,3.4,+918735233809,2025-11-29 02:05:03
84,KIMS Hospital,Hyderabad,500004,General Medicine,163,26,20,22,53,28,369,No,4.5,+917782621511,2025-11-29 02:05:03
85,Artemis Medicare,Pune,411004,Dermatology,282,48,33,21,81,33,223,Yes,3.8,+916822359862,2025-11-29 02:05:03
86,Vibrant Life Hospital,Chennai,600003,Dermatology,144,5,5,22,63,199,247,No,3.7,+919373544717,2025-11-29 02:05:03
87,Prerana Hospital,Bengaluru,560003,Urology,271,13,9,39,31,84,265,Yes,4.5,+916883331060,2025-11-29 02:05:03
88,Lifeline Hospital,Chennai,600003,Cardiology,365,36,25,29,28,194,139,No,4.3,+917658217066,2025-11-29 02:05:03
89,Artemis Medicare,Hyderabad,500002,ENT,32,6,4,41,71,89,307,Yes,3.2,+919928426451,2025-11-29 02:05:03
90,Manipal Hospital,Mumbai,400002,ENT,230,29,3,16,64,161,33,Yes,3.4,+916387227305,2025-11-29 02:05:03
91,Horizon Super Speciality,Mumbai,400005,Orthopedics,339,37,4,47,45,23,329,No,3.7,+919552909470,2025-11-29 02:05:03
92,Care Hospitals,Pune,411005,Oncology,366,22,18,42,65,79,163,Yes,4.7,+917163895546,2025-11-29 02:05:03
93,Vibrant Life Hospital,Mumbai,400005,Oncology,50,9,2,17,108,113,270,No,3.1,+916893764863,2025-11-29 02:05:03
94,Trinity Healthcare,Mumbai,400005,Gynecology,237,5,2,43,69,151,298,No,3.3,+919656220648,2025-11-29 02:05:03
95,Heritage Medical Center,Chennai,600005,Dermatology,320,47,33,28,101,159,330,Yes,4.2,+918840185069,2025-11-29 02:05:03
96,Yashoda Hospital,Chennai,600003,Nephrology,380,9,2,48,54,177,229,Yes,4.0,+916213141922,2025-11-29 02:05:03
97,Artemis Medicare,Pune,411005,General Medicine,144,8,7,41,81,69,165,No,4.5,+918343431113,2025-11-29 02:05:03
98,Elite Multi‑Speciality Hospital,Mumbai,400002,Dermatology,104,10,6,42,25,61,393,No,3.0,+917268075365,2025-11-29 02:05:03
99,Harmony Health Center,Bengaluru,560005,ENT,244,26,9,17,65,74,373,Yes,3.8,+917425816021,2025-11-29 02:05:03
100,Artemis Medicare,Bengaluru,560004,Nephrology,86,7,4,24,103,172,240,Yes,4.9,+919533011603,2025-11-29 02:05:03
101,Sunshine Hospitals,Hyderabad,500003,Gynecology,350,61,28,7,57,110,220,Yes,4.9,+919759424435,2025-11-29 02:05:03
102,Max Super Speciality Hospital,Chennai,600001,Gastroenterology,339,28,6,37,44,192,354,Yes,4.0,+918851783187,2025-11-29 02:05:03
103,Revive Medical Center,Pune,411002,Neurology,127,23,17,49,32,158,104,Yes,3.7,+919300601252,2025-11-29 02:05:03
104,Vibrant Life Hospital,Hyderabad,500004,Cardiology,328,58,37,38,48,148,212,No,4.3,+918743584246,2025-11-29 02:05:03
105,Care Hospitals,Bengaluru,560004,Gastroenterology,249,28,2,49,51,34,35,No,4.7,+916744855826,2025-11-29 02:05:03
106,Artemis Medicare,Hyderabad,500003,Cardiology,346,9,8,47,99,160,343,No,4.7,+916639925865,2025-11-29 02:05:03
107,Grace Care Hospital,Hyderabad,500005,Emergency Medicine,325,42,20,34,69,175,110,Yes,4.3,+918420457774,2025-11-29 02:05:03
108,Yashoda Hospital,Pune,411004,Gynecology,192,12,4,34,62,82,129,No,4.4,+919710657470,2025-11-29 02:05:03
109,Care Hospitals,Chennai,600004,Dermatology,139,17,8,14,43,127,250,No,4.8,+919279410947,2025-11-29 02:05:03
110,City Care Hospital,Chennai,600001,Dermatology,112,20,13,50,84,170,251,Yes,4.3,+917538313255,2025-11-29 02:05:03
111,Nexus Hospital,Hyderabad,500001,Nephrology,284,54,8,35,44,181,329,No,3.2,+917991462186,2025-11-29 02:05:03
112,Apollo Hospitals,Bengaluru,560001,Neurology,397,6,2,48,109,33,223,Yes,4.8,+919442550987,2025-11-29 02:05:03
113,Sanjeevani Hospital,Bengaluru,560002,Gynecology,263,17,6,5,57,180,295,No,3.4,+917954673871,2025-11-29 02:05:03
114,Prerana Hospital,Chennai,600004,Orthopedics,399,23,11,13,83,12,198,No,3.8,+917720587197,2025-11-29 02:05:03
115,Prerana Hospital,Bengaluru,560002,Orthopedics,207,31,5,20,103,66,372,No,4.2,+918247621574,2025-11-29 02:05:03
116,Prerana Hospital,Hyderabad,500004,Emergency Medicine,335,45,27,18,16,47,209,Yes,3.3,+917290111536,2025-11-29 02:05:03
117,Horizon Super Speciality,Mumbai,400005,Pulmonology,69,12,5,44,12,145,237,No,3.3,+916381524125,2025-11-29 02:05:03
118,Global Hospitals,Pune,411003,Cardiology,259,38,27,27,34,54,113,No,4.3,+918715097847,2025-11-29 02:05:03
119,Sunshine Hospitals,Chennai,600001,Cardiology,390,72,41,43,29,104,255,No,3.6,+917217329866,2025-11-29 02:05:03
120,Aster Prime Hospital,Hyderabad,500003,ICU Care,296,38,36,48,118,132,280,No,3.0,+918005901028,2025-11-29 02:05:03
121,Columbia Asia Hospital,Hyderabad,500003,Gastroenterology,382,70,43,17,52,132,84,Yes,4.3,+918561708681,2025-11-29 02:05:03
122,Elite Multi‑Speciality Hospital,Mumbai,400003,Neurology,120,9,9,38,113,39,121,No,3.1,+919249241460,2025-11-29 02:05:03
123,Grace Care Hospital,Mumbai,400001,Gynecology,180,7,7,30,26,101,104,No,3.6,+916481169179,2025-11-29 02:05:03
124,Trinity Healthcare,Mumbai,400001,Gastroenterology,249,34,7,45,47,102,194,Yes,4.2,+917260476250,2025-11-29 02:05:03
125,Global Hospitals,Pune,411001,Oncology,248,22,11,26,46,150,42,Yes,4.4,+916978822075,2025-11-29 02:05:03
126,Continental Hospitals,Bengaluru,560003,Neurology,336,66,20,32,33,116,66,No,3.1,+919164341904,2025-11-29 02:05:03
127,Columbia Asia Hospital,Mumbai,400004,Gynecology,66,8,7,7,59,43,52,No,3.8,+919316290473,2025-11-29 02:05:03
128,Global Hospitals,Hyderabad,500005,Emergency Medicine,32,5,4,38,106,106,338,No,3.3,+919883130474,2025-11-29 02:05:03
129,Wellness Hospital,Pune,411002,Neurology,92,9,8,19,64,70,367,No,3.9,+916800735619,2025-11-29 02:05:03
130,Star Hospitals,Bengaluru,560005,Gastroenterology,127,16,6,35,88,14,108,Yes,3.4,+916221948643,2025-11-29 02:05:03
131,Grace Care Hospital,Mumbai,400001,Cardiology,222,17,4,38,70,109,157,Yes,4.1,+918503758768,2025-11-29 02:05:03
132,Nexus Hospital,Pune,411005,Orthopedics,343,33,13,30,77,142,352,Yes,4.0,+918477935158,2025-11-29 02:05:03
133,Prerana Hospital,Pune,411002,Gastroenterology,202,15,7,16,35,194,300,Yes,3.7,+917054173470,2025-11-29 02:05:03
134,Apollo Hospitals,Pune,411004,Gynecology,191,5,3,12,52,198,155,Yes,3.4,+918347487783,2025-11-29 02:05:03
135,MetroCare Hospital,Bengaluru,560004,Urology,197,5,2,12,91,166,164,Yes,4.4,+919104489698,2025-11-29 02:05:03
136,Heritage Medical Center,Mumbai,400004,Neurology,363,56,6,17,22,77,172,No,3.8,+919050521211,2025-11-29 02:05:03
137,Fortis Healthcare,Pune,411004,Gastroenterology,323,11,8,47,60,102,204,Yes,4.6,+917008078156,2025-11-29 02:05:03
138,Yashoda Hospital,Pune,411003,Gynecology,260,6,5,39,96,69,267,No,4.9,+916183746082,2025-11-29 02:05:03
139,Horizon Super Speciality,Hyderabad,500001,Nephrology,351,16,11,32,89,40,388,Yes,3.0,+917199508711,2025-11-29 02:05:03
140,Global Hospitals,Mumbai,400002,Neurology,70,8,2,8,21,72,338,Yes,5.0,+919135667436,2025-11-29 02:05:03
141,Vinn Hospital,Pune,411003,Orthopedics,184,10,7,24,96,87,389,Yes,3.9,+916657507698,2025-11-29 02:05:03
142,CureOne Medical Center,Mumbai,400002,Neurology,66,10,3,50,32,30,120,No,3.9,+918282968444,2025-11-29 02:05:03
143,Apollo Hospitals,Pune,411004,Orthopedics,55,6,4,26,77,109,47,Yes,3.3,+917883514705,2025-11-29 02:05:03
144,Grace Care Hospital,Mumbai,400004,Gastroenterology,173,17,6,39,103,148,152,No,3.6,+916959729402,2025-11-29 02:05:03
145,CureOne Medical Center,Mumbai,400001,ICU Care,244,40,5,23,89,45,167,No,4.7,+917963891143,2025-11-29 02:05:03
146,Nexus Hospital,Hyderabad,500002,ENT,169,28,24,25,57,110,169,Yes,3.7,+916708444072,2025-11-29 02:05:03
147,Fortis Healthcare,Hyderabad,500003,ICU Care,234,22,6,48,26,113,242,Yes,5.0,+916874179866,2025-11-29 02:05:03
148,Unity Hospital,Bengaluru,560001,Pulmonology,150,16,16,14,34,108,182,Yes,3.1,+916517430198,2025-11-29 02:05:03
149,Narayana Health,Chennai,600003,Pediatrics,391,61,34,48,64,149,236,No,3.9,+916733955862,2025-11-29 02:05:03
150,Nexus Hospital,Pune,411004,General Medicine,361,20,18,41,12,75,63,No,4.3,+919447927047,2025-11-29 02:05:03
151,Sanjeevani Hospital,Pune,411002,Emergency Medicine,286,53,29,44,59,170,164,Yes,5.0,+919826512861,2025-11-29 02:05:03
152,Aster Prime Hospital,Pune,411001,General Medicine,250,35,24,11,48,29,135,Yes,3.9,+919389017106,2025-11-29 02:05:03
153,Prime Care Hospital,Mumbai,400004,Pulmonology,263,37,8,42,42,174,127,No,3.3,+919046940273,2025-11-29 02:05:03
154,Ankura Hospital,Hyderabad,500005,Pulmonology,155,27,8,10,39,154,380,Yes,3.3,+918143056716,2025-11-29 02:05:03
155,Horizon Super Speciality,Bengaluru,560005,Oncology,357,19,4,29,115,169,197,Yes,3.6,+918465923148,2025-11-29 02:05:03
156,Continental Hospitals,Chennai,600001,Gastroenterology,102,20,15,18,86,122,59,Yes,4.0,+917580396452,2025-11-29 02:05:03
157,MetroCare Hospital,Mumbai,400005,Oncology,155,10,8,46,12,163,398,No,3.5,+916395711509,2025-11-29 02:05:03
158,Nexus Hospital,Pune,411002,Neurology,196,36,10,17,71,160,52,Yes,4.4,+919770788281,2025-11-29 02:05:03
159,Wellness Hospital,Pune,411002,Neurology,323,36,23,20,38,54,252,No,3.6,+917303265825,2025-11-29 02:05:03
160,Vasan Eye Care,Mumbai,400004,Cardiology,162,25,14,9,16,69,194,No,4.2,+917889420614,2025-11-29 02:05:03
161,Ankura Hospital,Mumbai,400005,Pediatrics,123,8,7,39,119,172,71,No,3.7,+918632051463,2025-11-29 02:05:03
162,Apollo Hospitals,Chennai,600005,Pediatrics,71,6,6,32,24,169,295,Yes,4.2,+916327894778,2025-11-29 02:05:03
163,Wellness Hospital,Pune,411003,ENT,317,19,9,44,109,77,240,No,3.7,+919296599619,2025-11-29 02:05:03
164,Vasan Eye Care,Hyderabad,500001,ENT,69,13,6,47,22,145,340,No,3.0,+916096584525,2025-11-29 02:05:03
165,Trinity Healthcare,Chennai,600003,General Medicine,71,5,4,38,32,19,85,No,3.1,+916378065104,2025-11-29 02:05:03
166,Vibrant Life Hospital,Pune,411002,Emergency Medicine,44,5,3,20,24,90,102,Yes,3.3,+918768937495,2025-11-29 02:05:03
167,KIMS Hospital,Pune,411005,General Medicine,75,15,11,46,43,108,250,No,4.0,+917764855539,2025-11-29 02:05:03
168,Rainbow Children’s Hospital,Bengaluru,560001,Orthopedics,132,18,6,47,96,43,152,Yes,3.4,+919019944457,2025-11-29 02:05:03
169,Trinity Healthcare,Hyderabad,500005,Cardiology,157,23,17,43,114,181,195,No,3.4,+918099406103,2025-11-29 02:05:03
170,Medicover Hospital,Bengaluru,560001,Cardiology,252,20,5,14,26,197,20,No,4.0,+917879745280,2025-11-29 02:05:03
171,Elite Multi‑Speciality Hospital,Pune,411001,General Medicine,264,20,6,27,60,194,349,Yes,5.0,+918619023076,2025-11-29 02:05:03
172,City Care Hospital,Bengaluru,560003,Cardiology,398,46,10,38,49,171,354,Yes,3.9,+918794351248,2025-11-29 02:05:03
173,Horizon Super Speciality,Bengaluru,560005,Dermatology,294,6,2,6,50,76,346,Yes,4.8,+916669170335,2025-11-29 02:05:03
174,Medicover Hospital,Pune,411005,Dermatology,32,5,4,11,11,151,86,Yes,3.4,+916506090987,2025-11-29 02:05:03
175,Prime Care Hospital,Hyderabad,500001,ICU Care,174,10,3,22,98,90,228,Yes,4.5,+918067163148,2025-11-29 02:05:03
176,Wellness Hospital,Bengaluru,560003,ICU Care,248,24,23,8,42,34,366,No,3.6,+917505047727,2025-11-29 02:05:03
177,City Care Hospital,Bengaluru,560004,Emergency Medicine,250,9,4,22,56,176,123,Yes,3.0,+916295430016,2025-11-29 02:05:03
178,Yashoda Hospital,Mumbai,400001,Neurology,247,36,17,15,36,66,107,No,3.8,+916420930738,2025-11-29 02:05:03
179,Pulse Multi‑Speciality Hospital,Hyderabad,500001,Gynecology,118,5,3,40,15,25,203,No,4.0,+917646857452,2025-11-29 02:05:03
180,Artemis Medicare,Mumbai,400004,Gynecology,117,15,9,23,54,17,25,No,4.3,+916365114414,2025-11-29 02:05:03
181,Columbia Asia Hospital,Mumbai,400003,Nephrology,332,25,16,13,28,127,180,No,4.9,+916008851916,2025-11-29 02:05:03
182,CureOne Medical Center,Chennai,600002,Dermatology,82,14,5,43,32,159,228,Yes,4.7,+916657200840,2025-11-29 02:05:03
183,Heritage Medical Center,Pune,411003,Gynecology,369,47,24,13,40,178,268,No,3.5,+918345739279,2025-11-29 02:05:03
184,CureOne Medical Center,Pune,411005,Orthopedics,73,13,6,14,86,28,29,Yes,4.2,+916313575029,2025-11-29 02:05:03
185,Aster Prime Hospital,Pune,411005,Oncology,44,7,4,44,86,158,264,No,4.1,+918065316298,2025-11-29 02:05:03
186,Omega Hospitals,Chennai,600003,Cardiology,390,76,56,12,79,95,178,Yes,4.2,+918930504443,2025-11-29 02:05:03
187,Care Hospitals,Mumbai,400005,Cardiology,275,48,11,26,71,177,48,No,3.8,+917887245355,2025-11-29 02:05:03
188,Continental Hospitals,Hyderabad,500005,ICU Care,83,10,4,28,59,42,185,Yes,3.3,+919878001147,2025-11-29 02:05:03
189,Medicover Hospital,Mumbai,400005,Neurology,298,25,17,21,82,69,382,Yes,3.1,+917671083427,2025-11-29 02:05:03
190,MetroCare Hospital,Hyderabad,500002,Pediatrics,138,20,8,6,72,154,137,Yes,3.2,+918488080992,2025-11-29 02:05:03
191,CureOne Medical Center,Bengaluru,560005,Pulmonology,212,31,15,32,117,71,113,Yes,3.5,+918424574818,2025-11-29 02:05:03
192,Pulse Multi‑Speciality Hospital,Hyderabad,500002,Neurology,261,28,16,12,74,191,369,Yes,3.5,+918657202967,2025-11-29 02:05:03
193,Rainbow Children’s Hospital,Bengaluru,560002,Oncology,222,25,6,18,113,16,109,Yes,3.0,+918936030179,2025-11-29 02:05:03
194,Fortis Healthcare,Hyderabad,500002,Pediatrics,187,22,10,6,99,96,279,No,4.0,+918578790369,2025-11-29 02:05:03
195,Heritage Medical Center,Bengaluru,560001,Nephrology,256,36,26,9,24,160,325,Yes,4.8,+917256095768,2025-11-29 02:05:03
196,Pulse Multi‑Speciality Hospital,Mumbai,400003,Oncology,307,52,30,40,16,113,200,No,3.6,+917350863006,2025-11-29 02:05:03
197,CureOne Medical Center,Pune,411003,General Medicine,393,38,11,20,59,33,197,Yes,3.9,+917753609620,2025-11-29 02:05:03
198,Horizon Super Speciality,Mumbai,400002,Urology,397,59,14,29,50,15,109,Yes,4.8,+918769021043,2025-11-29 02:05:03
199,Grace Care Hospital,Pune,411004,ENT,330,24,14,33,11,172,140,Yes,3.4,+918521613031,2025-11-29 02:05:03
200,Continental Hospitals,Mumbai,400004,Pulmonology,300,43,24,19,29,63,248,Yes,3.4,+917902468216,2025-11-29 02:05:03
201,Horizon Super Speciality,Hyderabad,500005,ICU Care,188,28,9,5,83,108,306,Yes,4.5,+919004335736,2025-11-29 02:05:03
202,Prime Care Hospital,Chennai,600002,General Medicine,118,8,6,45,95,97,54,No,4.1,+917870595663,2025-11-29 02:05:03
203,Rainbow Children’s Hospital,Bengaluru,560005,Urology,269,21,7,18,68,145,234,Yes,4.5,+919671606597,2025-11-29 02:05:03
204,Sunshine Hospitals,Hyderabad,500003,ICU Care,35,7,2,9,16,143,21,Yes,3.2,+917839140529,2025-11-29 02:05:03
205,Global Hospitals,Bengaluru,560005,Orthopedics,140,10,3,6,11,10,193,Yes,3.7,+919126584623,2025-11-29 02:05:03
206,Lifeline Hospital,Hyderabad,500003,Cardiology,176,34,24,21,51,71,33,No,3.9,+918862070457,2025-11-29 02:05:03
207,Sunshine Hospitals,Bengaluru,560001,Gynecology,291,37,16,37,119,169,310,No,4.0,+917978887575,2025-11-29 02:05:03
208,Elite Multi‑Speciality Hospital,Bengaluru,560004,General Medicine,151,6,5,46,38,72,223,No,4.4,+917400835542,2025-11-29 02:05:03
209,Harmony Health Center,Pune,411002,Dermatology,225,34,34,19,83,121,386,No,3.8,+918412367709,2025-11-29 02:05:03
210,Prime Care Hospital,Hyderabad,500003,Neurology,215,6,3,30,74,31,53,Yes,4.0,+918455280805,2025-11-29 02:05:03
211,Trinity Healthcare,Chennai,600003,Dermatology,374,38,13,46,66,32,131,No,4.6,+918853521049,2025-11-29 02:05:03
212,Continental Hospitals,Hyderabad,500002,ICU Care,65,8,3,36,67,127,175,Yes,3.2,+916681578559,2025-11-29 02:05:03
213,Prerana Hospital,Mumbai,400002,ENT,149,22,10,8,116,180,69,Yes,4.2,+918449663965,2025-11-29 02:05:03
214,Pulse Multi‑Speciality Hospital,Bengaluru,560004,General Medicine,144,26,4,35,96,83,62,Yes,4.2,+918805979170,2025-11-29 02:05:03
215,Harmony Health Center,Chennai,600005,Pediatrics,85,8,5,13,72,175,95,Yes,3.6,+918539321712,2025-11-29 02:05:03
216,MetroCare Hospital,Pune,411001,Gastroenterology,328,30,22,32,56,10,177,Yes,4.4,+919457519522,2025-11-29 02:05:03
217,Global Hospitals,Mumbai,400004,Gynecology,165,33,7,31,47,35,285,No,3.8,+917827694748,2025-11-29 02:05:03
218,Max Super Speciality Hospital,Mumbai,400004,Gastroenterology,51,9,4,41,60,43,328,No,3.4,+917901945682,2025-11-29 02:05:03
219,Manipal Hospital,Hyderabad,500003,Cardiology,160,28,3,50,15,60,142,No,4.3,+918025958071,2025-11-29 02:05:03
220,Heritage Medical Center,Bengaluru,560005,Nephrology,178,34,4,28,90,32,260,Yes,4.9,+917868769442,2025-11-29 02:05:03
221,Harmony Health Center,Hyderabad,500004,ENT,383,52,39,41,30,133,195,Yes,4.9,+919331666520,2025-11-29 02:05:03
222,CureOne Medical Center,Chennai,600003,Oncology,286,25,16,46,65,99,145,Yes,3.3,+917368815679,2025-11-29 02:05:03
223,Sanjeevani Hospital,Bengaluru,560003,Pulmonology,303,30,12,22,88,200,240,Yes,4.9,+919221376078,2025-11-29 02:05:03
224,Vinn Hospital,Mumbai,400004,Oncology,221,8,4,35,72,12,339,Yes,4.7,+918289117496,2025-11-29 02:05:03
225,Care Hospitals,Bengaluru,560005,Gynecology,355,57,3,30,100,105,163,No,4.9,+917433949961,2025-11-29 02:05:03
226,Horizon Super Speciality,Bengaluru,560004,Pediatrics,273,35,30,6,79,142,89,No,3.1,+916155872670,2025-11-29 02:05:03
227,Trinity Healthcare,Mumbai,400004,Emergency Medicine,103,13,3,39,115,169,334,Yes,4.6,+919315964697,2025-11-29 02:05:03
228,Unity Hospital,Chennai,600002,Urology,246,44,4,14,44,148,139,Yes,3.2,+918137931013,2025-11-29 02:05:03
229,Narayana Health,Pune,411004,Pulmonology,163,25,21,19,107,98,129,Yes,4.4,+916147450945,2025-11-29 02:05:03
230,CureOne Medical Center,Bengaluru,560005,General Medicine,240,18,10,15,52,110,238,No,3.8,+919004747628,2025-11-29 02:05:03
231,Apollo Hospitals,Chennai,600005,ENT,60,6,6,50,91,141,323,Yes,4.2,+919907620570,2025-11-29 02:05:03
232,Care Hospitals,Mumbai,400002,Pulmonology,53,7,2,8,12,31,202,Yes,3.4,+919631631742,2025-11-29 02:05:03
233,MetroCare Hospital,Mumbai,400002,Gastroenterology,323,42,4,49,18,179,45,Yes,3.7,+919765183283,2025-11-29 02:05:03
234,Harmony Health Center,Chennai,600002,Dermatology,148,18,7,42,95,14,244,No,4.5,+917434222307,2025-11-29 02:05:03
235,Horizon Super Speciality,Bengaluru,560001,Dermatology,53,9,9,31,13,153,264,No,3.6,+918239598611,2025-11-29 02:05:03
236,Wellness Hospital,Pune,411003,Dermatology,323,62,29,45,63,186,373,No,4.4,+919814257646,2025-11-29 02:05:03
237,Revive Medical Center,Mumbai,400003,General Medicine,290,26,19,33,35,196,397,No,4.1,+919166255157,2025-11-29 02:05:03
238,Harmony Health Center,Mumbai,400005,Orthopedics,328,48,4,12,26,142,119,No,4.1,+918939070115,2025-11-29 02:05:03
239,Manipal Hospital,Chennai,600001,ICU Care,35,6,2,28,104,55,347,No,4.7,+916952651653,2025-11-29 02:05:03
240,Grace Care Hospital,Hyderabad,500001,Gastroenterology,355,31,16,20,19,102,255,No,4.3,+918250340161,2025-11-29 02:05:03
241,Aster Prime Hospital,Chennai,600002,ENT,390,29,29,10,107,31,228,Yes,3.6,+918559818399,2025-11-29 02:05:03
242,Wellness Hospital,Chennai,600002,Nephrology,390,77,6,46,72,153,67,No,4.8,+917004286180,2025-11-29 02:05:03
243,KIMS Hospital,Chennai,600002,Cardiology,233,12,9,38,11,115,153,Yes,3.8,+917877689752,2025-11-29 02:05:03
244,MetroCare Hospital,Pune,411003,General Medicine,359,37,35,37,88,75,171,No,4.6,+919144831670,2025-11-29 02:05:03
245,Prime Care Hospital,Bengaluru,560004,ICU Care,243,48,37,22,119,82,249,Yes,3.5,+917037486380,2025-11-29 02:05:03
246,Nexus Hospital,Hyderabad,500001,Cardiology,136,15,15,46,119,18,320,Yes,3.3,+919089821017,2025-11-29 02:05:03
247,Fortis Healthcare,Mumbai,400004,Urology,290,33,27,7,12,133,142,Yes,4.2,+917946339543,2025-11-29 02:05:03
248,Nexus Hospital,Bengaluru,560003,Nephrology,206,21,6,24,114,94,369,No,3.9,+916426279840,2025-11-29 02:05:03
249,Ankura Hospital,Pune,411005,Orthopedics,379,58,56,31,46,76,117,No,3.7,+918987167970,2025-11-29 02:05:03
250,Global Hospitals,Pune,411002,Pulmonology,243,32,3,32,64,58,137,No,3.6,+919055418582,2025-11-29 02:05:03
251,CureOne Medical Center,Chennai,600003,Dermatology,273,21,11,37,21,193,103,No,4.9,+917536315732,2025-11-29 02:05:03
252,Manipal Hospital,Mumbai,400001,Cardiology,240,8,4,35,46,63,180,Yes,3.7,+916856870168,2025-11-29 02:05:03
253,Unity Hospital,Mumbai,400001,Nephrology,296,29,10,39,34,167,315,Yes,3.2,+919872188607,2025-11-29 02:05:03
254,Trinity Healthcare,Chennai,600003,Neurology,68,13,5,19,79,81,88,Yes,4.8,+918537724287,2025-11-29 02:05:03
255,KIMS Hospital,Bengaluru,560005,Oncology,247,44,14,36,108,82,227,Yes,3.8,+919782999904,2025-11-29 02:05:03
256,Rainbow Children’s Hospital,Pune,411002,Pulmonology,142,12,5,11,81,44,288,Yes,4.5,+918300346362,2025-11-29 02:05:03
257,Apollo Hospitals,Bengaluru,560004,Dermatology,141,16,7,29,48,59,363,Yes,3.6,+919332164482,2025-11-29 02:05:03
258,Trinity Healthcare,Bengaluru,560003,Nephrology,168,24,5,27,116,137,70,Yes,3.6,+918232236992,2025-11-29 02:05:03
259,Medicover Hospital,Hyderabad,500005,Urology,137,18,2,11,90,104,335,No,4.1,+918620114559,2025-11-29 02:05:03
260,KIMS Hospital,Pune,411005,Nephrology,209,13,5,26,76,186,79,Yes,3.5,+919873081788,2025-11-29 02:05:03
261,Trinity Healthcare,Chennai,600001,Emergency Medicine,163,12,8,42,70,36,394,Yes,3.4,+916467987676,2025-11-29 02:05:03
262,City Care Hospital,Bengaluru,560002,ICU Care,166,19,11,23,87,73,271,Yes,4.4,+919061052653,2025-11-29 02:05:03
263,Prime Care Hospital,Hyderabad,500004,Emergency Medicine,167,9,6,37,116,13,65,Yes,3.6,+919111455084,2025-11-29 02:05:03
264,Elite Multi‑Speciality Hospital,Mumbai,400005,Nephrology,316,24,12,29,119,196,98,No,3.2,+916973306204,2025-11-29 02:05:03
265,Ankura Hospital,Hyderabad,500003,General Medicine,89,15,14,36,36,66,179,No,3.8,+916063341558,2025-11-29 02:05:03
266,Artemis Medicare,Pune,411001,Emergency Medicine,97,5,5,16,11,188,56,Yes,4.1,+917491664307,2025-11-29 02:05:03
267,Continental Hospitals,Mumbai,400004,Oncology,119,18,16,40,116,138,191,No,3.7,+918476640868,2025-11-29 02:05:03
268,Global Hospitals,Mumbai,400004,Pulmonology,385,23,5,34,62,84,273,Yes,4.3,+918973543289,2025-11-29 02:05:03
269,Revive Medical Center,Hyderabad,500002,Emergency Medicine,370,55,27,24,58,106,102,Yes,3.1,+918788442467,2025-11-29 02:05:03
270,KIMS Hospital,Mumbai,400004,ICU Care,137,7,3,26,11,92,395,Yes,3.2,+918251274781,2025-11-29 02:05:03
271,Continental Hospitals,Pune,411003,Gynecology,323,28,20,42,77,96,359,Yes,4.7,+918738770470,2025-11-29 02:05:03
272,Aster Prime Hospital,Pune,411005,Emergency Medicine,219,12,6,19,20,144,98,Yes,3.7,+918637907340,2025-11-29 02:05:03
273,Horizon Super Speciality,Chennai,600004,Emergency Medicine,182,20,19,17,104,184,30,Yes,4.5,+919170796210,2025-11-29 02:05:03
274,Vinn Hospital,Bengaluru,560001,Oncology,50,10,10,49,84,16,236,Yes,3.3,+917612590769,2025-11-29 02:05:03
275,Care Hospitals,Mumbai,400004,Pulmonology,231,8,5,16,39,103,102,No,3.5,+918142995683,2025-11-29 02:05:03
276,Trinity Healthcare,Chennai,600002,Urology,150,13,2,42,37,181,36,Yes,3.5,+918994292932,2025-11-29 02:05:03
277,Omega Hospitals,Pune,411001,Urology,210,27,13,11,77,34,208,Yes,4.4,+919911937807,2025-11-29 02:05:03
278,Aster Prime Hospital,Chennai,600004,Cardiology,70,13,2,13,14,11,304,Yes,3.7,+916247109455,2025-11-29 02:05:03
279,KIMS Hospital,Bengaluru,560001,Urology,88,16,16,8,117,17,233,No,4.7,+916569617574,2025-11-29 02:05:03
280,Trinity Healthcare,Bengaluru,560003,Nephrology,52,6,2,34,50,151,227,Yes,3.5,+916619017521,2025-11-29 02:05:03
281,Wellness Hospital,Bengaluru,560003,ENT,208,21,10,46,120,195,124,Yes,3.1,+916185637039,2025-11-29 02:05:03
282,Care Hospitals,Mumbai,400001,Oncology,135,16,7,48,11,129,288,No,4.4,+919990180722,2025-11-29 02:05:03
283,Medicover Hospital,Hyderabad,500003,Gastroenterology,121,15,14,49,45,18,203,Yes,3.8,+919472615270,2025-11-29 02:05:03
284,Aster Prime Hospital,Mumbai,400004,Oncology,343,57,48,37,51,157,372,No,3.3,+917901451178,2025-11-29 02:05:03
285,Heritage Medical Center,Pune,411002,General Medicine,95,14,11,10,116,94,67,Yes,3.6,+916533074717,2025-11-29 02:05:03
286,Manipal Hospital,Mumbai,400002,General Medicine,362,18,17,48,96,136,219,No,4.3,+918955973115,2025-11-29 02:05:03
287,Continental Hospitals,Chennai,600005,Oncology,80,7,6,32,12,63,167,Yes,4.6,+918290846241,2025-11-29 02:05:03
288,Yashoda Hospital,Chennai,600002,General Medicine,133,24,16,21,117,13,260,No,4.8,+917045902498,2025-11-29 02:05:03
289,Lifeline Hospital,Chennai,600004,Cardiology,126,12,9,34,115,117,55,No,3.4,+918201235083,2025-11-29 02:05:03
290,Prerana Hospital,Hyderabad,500004,Urology,335,22,14,21,44,194,255,Yes,5.0,+919997760053,2025-11-29 02:05:03
291,Star Hospitals,Hyderabad,500001,Cardiology,89,8,8,39,50,123,265,Yes,4.4,+918976915398,2025-11-29 02:05:03
292,Horizon Super Speciality,Mumbai,400005,Neurology,237,9,6,8,116,28,345,No,4.8,+916700987596,2025-11-29 02:05:03
293,Omega Hospitals,Chennai,600005,Emergency Medicine,144,15,10,36,10,154,209,No,3.1,+916410627884,2025-11-29 02:05:03
294,Unity Hospital,Chennai,600002,ENT,105,6,5,17,107,91,81,Yes,3.9,+917491889751,2025-11-29 02:05:03
295,Max Super Speciality Hospital,Pune,411002,Gastroenterology,220,7,3,36,49,107,82,No,3.4,+917169848354,2025-11-29 02:05:03
296,Wellness Hospital,Hyderabad,500004,Pulmonology,272,28,20,5,57,182,330,No,4.5,+918853427075,2025-11-29 02:05:03
297,Harmony Health Center,Mumbai,400002,Gastroenterology,78,11,7,30,32,195,191,No,3.7,+919583335428,2025-11-29 02:05:03
298,Heritage Medical Center,Mumbai,400005,ICU Care,171,26,3,17,10,125,38,No,5.0,+919922085589,2025-11-29 02:05:03
299,Prime Care Hospital,Bengaluru,560001,ENT,187,29,11,36,108,56,178,No,3.9,+917387487924,2025-11-29 02:05:03
300,Prime Care Hospital,Hyderabad,500002,Orthopedics,398,73,17,14,73,41,26,Yes,3.0,+919613757961,2025-11-29 02:05:03
301,Care Hospitals,Pune,411005,Gynecology,233,36,19,49,31,121,72,Yes,3.5,+919242841609,2025-11-29 02:05:03
302,Continental Hospitals,Mumbai,400001,ENT,254,26,23,15,58,176,233,Yes,3.4,+916098935209,2025-11-29 02:05:03
303,Vinn Hospital,Pune,411001,Nephrology,239,37,22,43,65,138,204,No,3.2,+918461542412,2025-11-29 02:05:03
304,Harmony Health Center,Chennai,600003,Orthopedics,158,11,10,35,49,42,223,Yes,5.0,+916895822524,2025-11-29 02:05:03
305,Elite Multi‑Speciality Hospital,Bengaluru,560003,Cardiology,147,16,10,41,113,130,243,No,3.1,+918901119959,2025-11-29 02:05:03
306,Care Hospitals,Bengaluru,560002,Neurology,190,10,5,45,84,89,148,No,4.4,+916798255703,2025-11-29 02:05:03
307,Vasan Eye Care,Pune,411003,Pulmonology,266,41,25,23,73,183,390,Yes,3.1,+919008385996,2025-11-29 02:05:03
308,City Care Hospital,Hyderabad,500003,Orthopedics,311,60,3,46,12,124,392,No,4.6,+916717699513,2025-11-29 02:05:03
309,Narayana Health,Mumbai,400004,Pediatrics,93,6,5,36,93,58,29,Yes,3.9,+918701031661,2025-11-29 02:05:03
310,Omega Hospitals,Mumbai,400001,General Medicine,277,8,4,26,30,56,77,No,4.8,+916358471943,2025-11-29 02:05:03
311,Omega Hospitals,Mumbai,400005,Nephrology,244,37,20,7,102,65,197,No,4.3,+919930814305,2025-11-29 02:05:03
312,Grace Care Hospital,Pune,411005,Orthopedics,398,39,31,12,44,38,93,Yes,3.7,+918360889264,2025-11-29 02:05:03
313,Artemis Medicare,Bengaluru,560005,Orthopedics,333,7,7,12,40,171,223,No,4.7,+918778329468,2025-11-29 02:05:03
314,Elite Multi‑Speciality Hospital,Chennai,600005,Pulmonology,376,40,35,29,17,119,192,No,4.5,+918340777784,2025-11-29 02:05:03
315,Manipal Hospital,Bengaluru,560005,Nephrology,94,16,10,38,40,48,370,No,4.5,+916958722436,2025-11-29 02:05:03
316,Narayana Health,Hyderabad,500004,ENT,113,18,4,47,77,110,381,No,3.2,+919813781678,2025-11-29 02:05:03
317,Global Hospitals,Pune,411003,Gynecology,287,6,2,31,66,131,108,No,4.0,+918943171369,2025-11-29 02:05:03
318,CureOne Medical Center,Pune,411002,Oncology,153,14,11,5,117,70,126,No,4.7,+917318608782,2025-11-29 02:05:03
319,Vibrant Life Hospital,Bengaluru,560001,Pediatrics,199,39,4,45,62,83,187,Yes,3.5,+917626777947,2025-11-29 02:05:03
320,Wellness Hospital,Chennai,600003,Dermatology,382,60,55,20,103,152,96,Yes,3.2,+916038583948,2025-11-29 02:05:03
321,Apollo Hospitals,Chennai,600003,ICU Care,311,18,16,48,65,96,269,Yes,3.7,+916004516646,2025-11-29 02:05:03
322,CureOne Medical Center,Hyderabad,500004,Cardiology,250,46,26,40,31,52,182,Yes,3.5,+919154589071,2025-11-29 02:05:03
323,Columbia Asia Hospital,Pune,411005,Neurology,211,28,3,29,99,169,115,Yes,3.4,+916085429284,2025-11-29 02:05:03
324,Care Hospitals,Pune,411005,Pulmonology,284,48,17,49,21,73,56,No,3.6,+918526261621,2025-11-29 02:05:03
325,Columbia Asia Hospital,Pune,411002,Pulmonology,352,20,2,34,22,149,97,Yes,4.1,+916854830349,2025-11-29 02:05:03
326,Horizon Super Speciality,Pune,411001,Dermatology,260,37,14,29,98,156,266,No,4.6,+918784775114,2025-11-29 02:05:03
327,Pulse Multi‑Speciality Hospital,Mumbai,400003,Neurology,308,16,2,42,27,136,332,No,4.5,+919824616827,2025-11-29 02:05:03
328,Manipal Hospital,Chennai,600001,Emergency Medicine,114,7,6,6,11,127,158,Yes,3.2,+916595841297,2025-11-29 02:05:03
329,Prime Care Hospital,Bengaluru,560003,Orthopedics,209,18,17,28,33,52,267,Yes,3.8,+917148575569,2025-11-29 02:05:03
330,Rainbow Children’s Hospital,Bengaluru,560003,Nephrology,265,20,8,16,109,130,108,No,4.5,+916242285076,2025-11-29 02:05:03
331,Rainbow Children’s Hospital,Bengaluru,560004,General Medicine,44,7,4,45,69,39,84,Yes,4.3,+919392297209,2025-11-29 02:05:03
332,Artemis Medicare,Pune,411004,Orthopedics,320,14,5,39,67,77,356,No,4.1,+918397027355,2025-11-29 02:05:03
333,Continental Hospitals,Hyderabad,500002,Neurology,97,10,9,33,31,171,114,Yes,4.9,+918599582951,2025-11-29 02:05:03
334,Global Hospitals,Chennai,600005,Gastroenterology,330,32,4,22,65,44,253,Yes,3.3,+919955796787,2025-11-29 02:05:03
335,Omega Hospitals,Pune,411002,Gynecology,385,66,56,12,21,14,299,Yes,4.0,+918726673085,2025-11-29 02:05:03
336,Global Hospitals,Mumbai,400004,Cardiology,38,5,4,21,34,37,276,Yes,5.0,+916731190794,2025-11-29 02:05:03
337,Wellness Hospital,Chennai,600003,Dermatology,55,5,2,23,100,119,381,No,4.2,+919795968312,2025-11-29 02:05:03
338,Elite Multi‑Speciality Hospital,Chennai,600002,Nephrology,193,16,6,45,77,55,170,No,4.1,+918647992217,2025-11-29 02:05:03
339,Horizon Super Speciality,Chennai,600005,Neurology,46,9,5,36,81,146,181,No,4.3,+919699130844,2025-11-29 02:05:03
340,MetroCare Hospital,Bengaluru,560004,Pediatrics,174,28,13,10,63,185,276,No,3.9,+919220768494,2025-11-29 02:05:03
341,Lifeline Hospital,Pune,411002,Orthopedics,164,6,4,38,68,198,312,No,4.8,+919855864855,2025-11-29 02:05:03
342,Unity Hospital,Hyderabad,500002,Pediatrics,262,52,39,7,20,112,387,No,4.5,+918535603283,2025-11-29 02:05:03
343,Prerana Hospital,Chennai,600005,Dermatology,331,41,30,12,75,17,177,No,3.2,+919962083551,2025-11-29 02:05:03
344,Unity Hospital,Pune,411002,Emergency Medicine,252,16,6,28,75,37,210,No,3.5,+917177972794,2025-11-29 02:05:03
345,Aster Prime Hospital,Pune,411003,Gastroenterology,239,21,14,39,74,17,346,No,4.1,+918180963097,2025-11-29 02:05:03
346,Narayana Health,Chennai,600003,Orthopedics,162,9,7,14,56,119,95,No,4.9,+917980184189,2025-11-29 02:05:03
347,Global Hospitals,Bengaluru,560005,Pulmonology,160,12,12,24,69,55,200,Yes,3.7,+918190030502,2025-11-29 02:05:03
348,Sunshine Hospitals,Pune,411001,Neurology,240,43,15,23,49,75,301,Yes,4.4,+919413017703,2025-11-29 02:05:03
349,Sanjeevani Hospital,Mumbai,400003,General Medicine,143,10,7,8,77,186,381,No,4.3,+916076142403,2025-11-29 02:05:03
350,Nexus Hospital,Bengaluru,560004,Urology,324,17,7,25,118,174,182,No,3.8,+918418873362,2025-11-29 02:05:03
351,Yashoda Hospital,Chennai,600003,Dermatology,400,16,11,7,117,55,160,Yes,4.6,+917387801150,2025-11-29 02:05:03
352,Vinn Hospital,Bengaluru,560005,Orthopedics,121,23,3,22,51,76,220,Yes,4.4,+918096360359,2025-11-29 02:05:03
353,Harmony Health Center,Bengaluru,560004,Dermatology,165,12,8,41,115,190,47,Yes,4.5,+917792406925,2025-11-29 02:05:03
354,Vinn Hospital,Pune,411005,ICU Care,132,12,2,40,25,72,369,No,3.6,+917680851492,2025-11-29 02:05:03
355,Care Hospitals,Pune,411002,Gynecology,196,25,3,15,105,190,152,Yes,4.0,+917554570896,2025-11-29 02:05:03
356,Wellness Hospital,Hyderabad,500004,Nephrology,340,19,11,30,79,131,399,No,3.3,+919011299836,2025-11-29 02:05:03
357,Heritage Medical Center,Bengaluru,560002,Pulmonology,126,25,2,47,63,158,354,No,3.4,+917424863584,2025-11-29 02:05:03
358,Vibrant Life Hospital,Pune,411005,Nephrology,128,18,18,28,119,62,293,No,4.2,+918962456862,2025-11-29 02:05:03
359,Star Hospitals,Hyderabad,500004,Oncology,95,7,7,26,53,63,379,No,4.0,+918421359258,2025-11-29 02:05:03
360,City Care Hospital,Hyderabad,500001,ENT,117,19,2,17,19,75,252,No,3.6,+919936874911,2025-11-29 02:05:03
361,Columbia Asia Hospital,Mumbai,400004,Oncology,31,5,5,36,48,24,270,No,4.9,+919468585723,2025-11-29 02:05:03
362,Fortis Healthcare,Mumbai,400001,Gastroenterology,231,27,6,47,60,163,192,No,3.9,+919847140245,2025-11-29 02:05:03
363,CureOne Medical Center,Pune,411005,Pulmonology,338,66,51,49,113,44,366,Yes,3.5,+918722149349,2025-11-29 02:05:03
364,Vasan Eye Care,Bengaluru,560001,Urology,90,17,7,40,48,162,60,No,3.9,+917809856417,2025-11-29 02:05:03
365,Yashoda Hospital,Pune,411001,Neurology,151,13,12,15,81,97,129,Yes,4.8,+918431474602,2025-11-29 02:05:03
366,Medicover Hospital,Pune,411005,Gastroenterology,288,21,10,8,118,47,98,No,4.5,+916247905519,2025-11-29 02:05:03
367,Sanjeevani Hospital,Pune,411002,Nephrology,378,26,4,21,75,105,173,No,3.5,+917388046807,2025-11-29 02:05:03
368,Narayana Health,Hyderabad,500004,Nephrology,306,28,27,45,52,197,155,Yes,3.6,+918172591612,2025-11-29 02:05:03
369,Yashoda Hospital,Mumbai,400005,Cardiology,160,7,3,49,92,160,310,No,4.2,+917183363221,2025-11-29 02:05:03
370,Vasan Eye Care,Pune,411001,Pediatrics,335,36,20,48,93,37,156,No,3.4,+918490351794,2025-11-29 02:05:03
371,Aster Prime Hospital,Pune,411001,Oncology,295,22,5,18,101,75,81,No,3.6,+919015897200,2025-11-29 02:05:03
372,Yashoda Hospital,Bengaluru,560001,Dermatology,329,49,43,22,78,20,380,Yes,3.7,+918775696303,2025-11-29 02:05:03
373,Lifeline Hospital,Pune,411004,Oncology,149,21,12,7,101,133,379,No,4.6,+918185259103,2025-11-29 02:05:03
374,Heritage Medical Center,Hyderabad,500001,Nephrology,238,26,23,10,94,25,249,No,4.8,+918780875289,2025-11-29 02:05:03
375,Star Hospitals,Pune,411003,ICU Care,360,58,3,40,69,10,292,No,4.8,+917346905758,2025-11-29 02:05:03
376,Fortis Healthcare,Mumbai,400002,Gastroenterology,160,26,13,45,57,64,280,No,3.2,+919807723638,2025-11-29 02:05:03
377,Sunshine Hospitals,Hyderabad,500004,ENT,32,6,3,7,92,122,301,No,4.2,+918188617440,2025-11-29 02:05:03
378,Max Super Speciality Hospital,Bengaluru,560003,Pulmonology,289,53,48,44,90,134,112,Yes,3.1,+917474006888,2025-11-29 02:05:03
379,Apollo Hospitals,Chennai,600003,Emergency Medicine,168,19,18,44,39,72,68,Yes,3.1,+917216704509,2025-11-29 02:05:03
380,Heritage Medical Center,Mumbai,400002,Dermatology,345,13,13,19,82,25,67,No,4.2,+917094985499,2025-11-29 02:05:03
381,Wellness Hospital,Mumbai,400005,Nephrology,383,40,28,13,67,28,24,No,3.4,+916923311370,2025-11-29 02:05:03
382,Omega Hospitals,Pune,411005,Dermatology,278,53,3,12,33,50,384,Yes,4.6,+919221683089,2025-11-29 02:05:03
383,City Care Hospital,Mumbai,400002,ICU Care,351,19,15,47,45,193,118,Yes,3.6,+917266646658,2025-11-29 02:05:03
384,Unity Hospital,Pune,411003,Pulmonology,54,7,7,35,39,60,180,No,5.0,+917500573241,2025-11-29 02:05:03
385,Omega Hospitals,Bengaluru,560001,ENT,142,22,17,44,42,26,264,No,4.6,+919699077186,2025-11-29 02:05:03
386,Fortis Healthcare,Bengaluru,560003,Gastroenterology,100,18,13,49,11,81,232,Yes,3.9,+919638320374,2025-11-29 02:05:03
387,Elite Multi‑Speciality Hospital,Chennai,600005,Nephrology,357,31,24,16,24,169,234,No,4.4,+916260092122,2025-11-29 02:05:03
388,Artemis Medicare,Chennai,600002,Pediatrics,81,6,5,16,53,169,51,Yes,4.0,+916651781037,2025-11-29 02:05:03
389,Max Super Speciality Hospital,Pune,411001,Gastroenterology,266,45,2,17,19,158,167,Yes,4.1,+917799273361,2025-11-29 02:05:03
390,Sunshine Hospitals,Pune,411003,ENT,34,5,4,34,76,18,282,No,4.6,+916315336891,2025-11-29 02:05:03
391,Apollo Hospitals,Chennai,600004,Urology,153,29,6,47,58,183,262,Yes,4.7,+917034405973,2025-11-29 02:05:03
392,Rainbow Children’s Hospital,Pune,411005,Neurology,74,11,3,24,12,71,375,Yes,3.9,+916441925736,2025-11-29 02:05:03
393,Continental Hospitals,Bengaluru,560002,Dermatology,235,29,6,38,18,170,182,No,4.2,+916950718699,2025-11-29 02:05:03
394,Yashoda Hospital,Hyderabad,500005,Orthopedics,134,18,5,22,20,41,299,Yes,3.3,+916511494094,2025-11-29 02:05:03
395,Omega Hospitals,Bengaluru,560002,Pediatrics,374,12,9,30,94,37,34,No,4.9,+919682680953,2025-11-29 02:05:03
396,Wellness Hospital,Hyderabad,500003,Emergency Medicine,127,20,17,39,62,89,191,Yes,3.3,+916824846371,2025-11-29 02:05:03
397,Sanjeevani Hospital,Bengaluru,560003,Dermatology,74,10,2,24,17,150,331,Yes,4.8,+918602050661,2025-11-29 02:05:03
398,Trinity Healthcare,Hyderabad,500003,Oncology,79,6,6,50,10,188,257,No,3.3,+919737359534,2025-11-29 02:05:03
399,Heritage Medical Center,Pune,411001,Neurology,152,16,10,20,36,152,33,Yes,4.2,+918008615299,2025-11-29 02:05:03
400,Wellness Hospital,Bengaluru,560002,Emergency Medicine,170,6,2,47,119,156,130,No,4.6,+916795572828,2025-11-29 02:05:03
401,Wellness Hospital,Pune,411003,Nephrology,254,8,7,45,23,62,358,Yes,4.9,+916531715530,2025-11-29 02:05:03
402,City Care Hospital,Pune,411004,Cardiology,147,28,23,33,31,14,358,No,4.6,+919310239528,2025-11-29 02:05:03
403,Global Hospitals,Mumbai,400004,Dermatology,64,11,7,24,14,37,160,No,4.3,+918796108888,2025-11-29 02:05:03
404,Continental Hospitals,Bengaluru,560002,Pediatrics,69,13,8,25,73,124,167,No,4.4,+917255186734,2025-11-29 02:05:03
405,Continental Hospitals,Mumbai,400001,Emergency Medicine,198,27,22,38,22,70,163,Yes,3.2,+918528537510,2025-11-29 02:05:03
406,Omega Hospitals,Bengaluru,560002,Oncology,73,7,6,47,59,102,247,No,4.4,+918110278375,2025-11-29 02:05:03
407,Vibrant Life Hospital,Bengaluru,560002,Gynecology,108,13,2,7,91,178,227,Yes,4.8,+917713711675,2025-11-29 02:05:03
408,Grace Care Hospital,Pune,411004,Pulmonology,367,39,14,22,19,27,115,Yes,4.6,+917000250648,2025-11-29 02:05:03
409,Fortis Healthcare,Chennai,600001,Orthopedics,31,5,5,13,70,135,210,Yes,4.7,+919706791724,2025-11-29 02:05:03
410,Columbia Asia Hospital,Chennai,600003,Cardiology,395,26,12,41,44,182,221,Yes,4.7,+916567976471,2025-11-29 02:05:03
411,Elite Multi‑Speciality Hospital,Hyderabad,500001,Dermatology,157,8,8,31,32,144,138,Yes,4.6,+917149204903,2025-11-29 02:05:03
412,Vinn Hospital,Bengaluru,560005,Gastroenterology,334,8,5,46,69,115,28,No,4.8,+917814977178,2025-11-29 02:05:03
413,Artemis Medicare,Pune,411002,Pediatrics,119,17,17,31,56,128,235,Yes,3.7,+916106241006,2025-11-29 02:05:03
414,Aster Prime Hospital,Hyderabad,500002,Gastroenterology,164,19,18,5,61,131,231,Yes,3.9,+917228860830,2025-11-29 02:05:03
415,Lifeline Hospital,Pune,411001,Nephrology,220,28,21,21,79,68,163,No,3.2,+919819011922,2025-11-29 02:05:03
416,Heritage Medical Center,Bengaluru,560001,Neurology,274,7,5,33,101,30,174,Yes,4.7,+916562936759,2025-11-29 02:05:03
417,City Care Hospital,Mumbai,400005,Gastroenterology,254,41,12,27,82,134,41,Yes,4.8,+918421336072,2025-11-29 02:05:03
418,Ankura Hospital,Pune,411001,General Medicine,78,15,14,16,55,188,276,Yes,3.4,+916072227845,2025-11-29 02:05:03
419,Grace Care Hospital,Mumbai,400005,Nephrology,223,20,16,32,16,22,134,No,4.9,+919118805837,2025-11-29 02:05:03
420,Elite Multi‑Speciality Hospital,Chennai,600002,Neurology,331,50,46,28,10,71,82,Yes,4.0,+917407582506,2025-11-29 02:05:03
421,Care Hospitals,Chennai,600005,Gastroenterology,373,68,39,21,70,83,146,Yes,3.1,+916360111254,2025-11-29 02:05:03
422,Vibrant Life Hospital,Pune,411004,Gastroenterology,144,28,23,21,108,161,30,No,4.0,+916315169607,2025-11-29 02:05:03
423,Omega Hospitals,Bengaluru,560001,Cardiology,302,57,9,21,51,102,228,No,3.9,+919733941728,2025-11-29 02:05:03
424,Omega Hospitals,Pune,411005,Pediatrics,216,41,9,16,73,158,87,Yes,4.1,+918567936578,2025-11-29 02:05:03
425,Unity Hospital,Mumbai,400002,General Medicine,83,12,9,50,41,52,218,Yes,4.0,+917818497098,2025-11-29 02:05:03
426,Vibrant Life Hospital,Chennai,600005,Gynecology,331,60,20,13,92,124,115,No,3.6,+919799600312,2025-11-29 02:05:03
427,Narayana Health,Chennai,600004,Dermatology,344,25,12,14,83,113,112,Yes,3.9,+917711084163,2025-11-29 02:05:03
428,Manipal Hospital,Hyderabad,500002,ICU Care,58,9,4,23,104,185,374,No,3.9,+917778415763,2025-11-29 02:05:03
429,Apollo Hospitals,Bengaluru,560003,Gynecology,121,24,24,17,59,97,341,No,4.7,+916440454248,2025-11-29 02:05:03
430,CureOne Medical Center,Pune,411002,Cardiology,52,7,4,33,53,125,130,Yes,4.7,+918373384426,2025-11-29 02:05:03
431,Medicover Hospital,Pune,411002,Neurology,211,25,6,29,71,75,122,No,4.1,+918552796524,2025-11-29 02:05:03
432,Prime Care Hospital,Pune,411005,Pediatrics,260,25,19,35,78,174,22,No,4.0,+917481541853,2025-11-29 02:05:03
433,Medicover Hospital,Bengaluru,560002,Dermatology,384,19,10,30,98,129,288,Yes,4.6,+917598980833,2025-11-29 02:05:03
434,Wellness Hospital,Pune,411002,Emergency Medicine,339,52,38,32,59,46,230,Yes,4.7,+918020372776,2025-11-29 02:05:03
435,Fortis Healthcare,Pune,411002,Pulmonology,118,19,6,8,82,24,30,Yes,3.0,+916526269170,2025-11-29 02:05:03
436,Star Hospitals,Mumbai,400003,ENT,86,8,5,24,70,190,219,No,3.8,+917178898038,2025-11-29 02:05:03
437,Sanjeevani Hospital,Chennai,600001,ENT,349,69,54,33,32,150,256,Yes,3.7,+918529315729,2025-11-29 02:05:03
438,CureOne Medical Center,Mumbai,400003,General Medicine,235,11,9,15,49,188,56,Yes,4.0,+918121784786,2025-11-29 02:05:03
439,Manipal Hospital,Pune,411002,General Medicine,103,6,2,50,78,146,306,No,4.8,+916134527961,2025-11-29 02:05:03
440,Manipal Hospital,Hyderabad,500002,Cardiology,272,14,5,23,99,193,248,No,3.7,+919422816354,2025-11-29 02:05:03
441,Continental Hospitals,Chennai,600001,Neurology,371,60,59,11,106,125,132,No,4.0,+919994327021,2025-11-29 02:05:03
442,Elite Multi‑Speciality Hospital,Chennai,600003,Neurology,84,8,8,28,66,47,336,Yes,4.2,+916442645826,2025-11-29 02:05:03
443,Prime Care Hospital,Bengaluru,560003,ENT,388,68,9,38,64,172,243,No,4.1,+916291488203,2025-11-29 02:05:03
444,Trinity Healthcare,Chennai,600005,Pediatrics,44,8,8,25,39,43,88,Yes,3.9,+917725702463,2025-11-29 02:05:03
445,Rainbow Children’s Hospital,Pune,411004,Neurology,398,38,4,8,102,125,396,No,3.4,+916161963468,2025-11-29 02:05:03
446,Ankura Hospital,Pune,411004,Pulmonology,224,8,7,20,24,76,221,Yes,4.6,+919189949115,2025-11-29 02:05:03
447,Revive Medical Center,Hyderabad,500005,Dermatology,128,9,5,12,40,29,202,Yes,4.4,+918800045592,2025-11-29 02:05:03
448,Grace Care Hospital,Chennai,600004,Dermatology,244,43,36,20,120,65,318,No,4.9,+917709438001,2025-11-29 02:05:03
449,Yashoda Hospital,Pune,411003,Gynecology,312,52,5,38,84,53,103,Yes,4.4,+918029816168,2025-11-29 02:05:03
450,Continental Hospitals,Mumbai,400001,Oncology,230,14,14,50,101,95,25,No,4.9,+916107380509,2025-11-29 02:05:03
451,Manipal Hospital,Mumbai,400004,Neurology,107,20,18,32,24,66,259,No,4.3,+919707259656,2025-11-29 02:05:03
452,Elite Multi‑Speciality Hospital,Pune,411001,Orthopedics,129,21,8,34,117,125,247,No,3.4,+918607334749,2025-11-29 02:05:03
453,Fortis Healthcare,Bengaluru,560003,ICU Care,141,14,11,13,99,40,170,Yes,4.3,+919082380540,2025-11-29 02:05:03
454,Elite Multi‑Speciality Hospital,Hyderabad,500005,Nephrology,176,10,4,47,51,161,199,No,3.6,+917447037372,2025-11-29 02:05:03
455,Columbia Asia Hospital,Hyderabad,500001,Emergency Medicine,255,19,19,24,30,178,118,Yes,4.7,+918530721085,2025-11-29 02:05:03
456,Elite Multi‑Speciality Hospital,Hyderabad,500003,General Medicine,381,61,36,23,100,51,207,No,4.9,+918742097183,2025-11-29 02:05:03
457,Grace Care Hospital,Hyderabad,500005,Cardiology,72,5,4,35,15,63,195,Yes,4.6,+919166488046,2025-11-29 02:05:03
458,Global Hospitals,Chennai,600005,Pediatrics,292,16,3,35,72,121,228,No,3.3,+916629764449,2025-11-29 02:05:03
459,Aster Prime Hospital,Mumbai,400003,Dermatology,218,10,2,32,49,23,130,No,5.0,+916494552885,2025-11-29 02:05:03
460,Manipal Hospital,Chennai,600004,Nephrology,294,36,12,17,106,190,241,Yes,3.4,+919686053509,2025-11-29 02:05:03
461,Nexus Hospital,Mumbai,400003,Neurology,291,43,29,8,34,116,77,No,4.5,+917843610078,2025-11-29 02:05:03
462,Global Hospitals,Bengaluru,560004,Dermatology,376,8,5,48,29,100,246,No,3.5,+919335442549,2025-11-29 02:05:03
463,MetroCare Hospital,Bengaluru,560002,Cardiology,185,29,20,49,88,182,89,No,4.1,+918774963593,2025-11-29 02:05:03
464,Yashoda Hospital,Hyderabad,500004,Dermatology,102,5,3,6,44,41,233,Yes,3.9,+919625060961,2025-11-29 02:05:03
465,Sanjeevani Hospital,Hyderabad,500003,Oncology,112,20,17,42,50,163,280,No,3.2,+919454059056,2025-11-29 02:05:03
466,Harmony Health Center,Bengaluru,560002,ICU Care,217,10,7,5,79,34,218,Yes,4.5,+916747886390,2025-11-29 02:05:03
467,City Care Hospital,Hyderabad,500005,Dermatology,152,21,18,13,20,10,359,Yes,4.9,+919298330982,2025-11-29 02:05:03
468,Medicover Hospital,Mumbai,400001,Dermatology,203,12,3,34,116,153,236,No,3.6,+918645783231,2025-11-29 02:05:03
469,City Care Hospital,Mumbai,400002,ENT,296,36,21,10,117,168,233,No,3.7,+917695529005,2025-11-29 02:05:03
470,MetroCare Hospital,Mumbai,400004,Nephrology,238,7,6,29,52,115,143,No,3.7,+917409300426,2025-11-29 02:05:03
471,Elite Multi‑Speciality Hospital,Mumbai,400002,Oncology,82,15,12,23,91,26,257,No,4.4,+917838582223,2025-11-29 02:05:03
472,Manipal Hospital,Hyderabad,500001,Pediatrics,245,6,5,45,120,42,312,No,3.8,+919145280445,2025-11-29 02:05:03
473,Vasan Eye Care,Chennai,600002,Pediatrics,107,6,4,10,20,188,257,No,3.3,+919178142916,2025-11-29 02:05:03
474,Grace Care Hospital,Mumbai,400002,Urology,377,20,4,26,13,180,63,Yes,3.4,+919192582770,2025-11-29 02:05:03
475,Trinity Healthcare,Hyderabad,500001,Nephrology,92,16,6,35,59,18,112,Yes,4.7,+918766945687,2025-11-29 02:05:03
476,Elite Multi‑Speciality Hospital,Mumbai,400002,Gastroenterology,164,25,17,12,11,120,78,Yes,3.4,+919029195014,2025-11-29 02:05:03
477,Star Hospitals,Mumbai,400004,Urology,140,10,6,44,43,176,355,No,4.5,+916206577771,2025-11-29 02:05:03
478,Vasan Eye Care,Bengaluru,560005,Gynecology,114,6,2,43,80,169,358,Yes,3.4,+919922940213,2025-11-29 02:05:03
479,Star Hospitals,Pune,411004,Pediatrics,94,13,3,32,49,198,64,Yes,4.6,+919818445897,2025-11-29 02:05:03
480,City Care Hospital,Mumbai,400001,General Medicine,328,24,4,45,54,138,114,No,4.0,+916293418385,2025-11-29 02:05:03
481,City Care Hospital,Mumbai,400003,General Medicine,303,59,55,28,89,115,390,No,3.9,+918775410418,2025-11-29 02:05:03
482,Lifeline Hospital,Bengaluru,560005,Orthopedics,306,33,5,40,116,130,332,Yes,3.1,+917873740018,2025-11-29 02:05:03
483,Yashoda Hospital,Bengaluru,560003,ICU Care,317,19,15,25,71,78,290,Yes,3.7,+919539591673,2025-11-29 02:05:03
484,Revive Medical Center,Chennai,600002,ENT,152,18,8,7,120,122,349,Yes,4.4,+918239835639,2025-11-29 02:05:03
485,Revive Medical Center,Hyderabad,500001,ENT,286,10,2,23,62,147,386,Yes,3.5,+917467214449,2025-11-29 02:05:03
486,Aster Prime Hospital,Pune,411002,Emergency Medicine,283,51,47,25,100,153,82,No,3.4,+917827990102,2025-11-29 02:05:03
487,Harmony Health Center,Hyderabad,500005,Oncology,261,50,35,33,79,93,263,No,3.9,+917849492294,2025-11-29 02:05:03
488,Trinity Healthcare,Mumbai,400003,Neurology,81,8,6,40,60,76,315,No,4.4,+916907931853,2025-11-29 02:05:03
489,KIMS Hospital,Pune,411003,Neurology,88,7,3,19,97,58,129,No,4.3,+917967301500,2025-11-29 02:05:03
490,Nexus Hospital,Hyderabad,500005,ICU Care,398,58,42,16,40,51,281,No,4.9,+919346942221,2025-11-29 02:05:03
491,Sunshine Hospitals,Bengaluru,560004,Oncology,172,34,11,32,71,61,274,No,3.8,+916286237865,2025-11-29 02:05:03
492,City Care Hospital,Hyderabad,500005,General Medicine,101,14,5,50,78,165,386,Yes,3.7,+916612314765,2025-11-29 02:05:03
493,Nexus Hospital,Chennai,600002,Dermatology,252,29,15,17,45,199,252,No,3.5,+919068382904,2025-11-29 02:05:03
494,Vasan Eye Care,Pune,411005,ICU Care,57,10,9,9,49,79,57,No,3.6,+917737366683,2025-11-29 02:05:03
495,Artemis Medicare,Hyderabad,500001,General Medicine,226,8,8,38,29,198,362,Yes,3.6,+916733503792,2025-11-29 02:05:03
496,Fortis Healthcare,Mumbai,400002,Orthopedics,246,9,4,9,22,85,99,Yes,4.3,+919257846654,2025-11-29 02:05:03
497,Unity Hospital,Hyderabad,500003,Gastroenterology,44,6,4,41,83,41,95,Yes,4.3,+919896238683,2025-11-29 02:05:03
498,Omega Hospitals,Mumbai,400005,Gynecology,209,23,11,18,107,184,167,No,4.4,+917215397987,2025-11-29 02:05:03
499,Heritage Medical Center,Mumbai,400001,Gastroenterology,247,5,5,39,83,51,332,No,4.3,+916629210494,2025-11-29 02:05:03
500,Omega Hospitals,Mumbai,400001,Pediatrics,176,9,3,41,78,85,276,Yes,3.4,+919655590977,2025-11-29 02:05:03
501,Vibrant Life Hospital,Bengaluru,560001,ICU Care,49,5,2,14,107,98,396,Yes,4.4,+919605811634,2025-11-29 02:05:03
502,KIMS Hospital,Chennai,600002,Pulmonology,156,9,6,44,33,44,259,Yes,3.9,+917875054906,2025-11-29 02:05:03
503,Pulse Multi‑Speciality Hospital,Pune,411005,Oncology,307,31,25,48,18,152,339,No,3.6,+917970291476,2025-11-29 02:05:03
504,Yashoda Hospital,Chennai,600005,Dermatology,95,18,7,19,26,199,171,Yes,3.4,+917534103120,2025-11-29 02:05:03
505,Heritage Medical Center,Hyderabad,500005,Nephrology,340,27,7,16,13,166,94,No,4.7,+919140500454,2025-11-29 02:05:03
506,Pulse Multi‑Speciality Hospital,Pune,411004,Cardiology,60,8,7,26,23,188,222,No,4.3,+919270807794,2025-11-29 02:05:03
507,CureOne Medical Center,Pune,411001,Gastroenterology,295,28,25,46,16,138,344,Yes,4.6,+918639288254,2025-11-29 02:05:03
508,Horizon Super Speciality,Bengaluru,560005,Emergency Medicine,315,8,6,24,93,109,255,Yes,4.7,+917657412261,2025-11-29 02:05:03
509,Harmony Health Center,Bengaluru,560004,Orthopedics,337,9,5,9,113,193,110,Yes,4.9,+917403715763,2025-11-29 02:05:03
510,Wellness Hospital,Bengaluru,560003,ENT,74,5,3,5,100,100,104,Yes,3.1,+916241764474,2025-11-29 02:05:03
511,Continental Hospitals,Chennai,600001,Gynecology,173,24,18,12,78,20,48,Yes,4.5,+919457851817,2025-11-29 02:05:03
512,Sunshine Hospitals,Hyderabad,500002,ICU Care,303,44,11,23,118,146,70,Yes,3.1,+919247039045,2025-11-29 02:05:03
513,Apollo Hospitals,Chennai,600003,Emergency Medicine,95,9,3,21,67,119,201,Yes,3.4,+917963799385,2025-11-29 02:05:03
514,MetroCare Hospital,Bengaluru,560002,General Medicine,253,50,15,49,92,33,50,Yes,3.4,+917630853742,2025-11-29 02:05:03
515,Prime Care Hospital,Chennai,600002,Cardiology,121,15,3,43,59,79,273,No,4.5,+916548508653,2025-11-29 02:05:03
516,Manipal Hospital,Chennai,600004,ICU Care,379,8,3,21,53,18,199,No,5.0,+919436360060,2025-11-29 02:05:03
517,Continental Hospitals,Hyderabad,500004,Dermatology,76,11,5,5,57,39,311,No,4.8,+916757118738,2025-11-29 02:05:03
518,Vinn Hospital,Mumbai,400001,Dermatology,321,9,7,21,107,78,98,Yes,4.2,+919435263103,2025-11-29 02:05:03
519,Artemis Medicare,Hyderabad,500001,Emergency Medicine,96,7,7,14,114,120,174,Yes,4.4,+916941692402,2025-11-29 02:05:03
520,Heritage Medical Center,Mumbai,400005,Oncology,305,46,16,28,47,184,183,Yes,3.7,+916030220117,2025-11-29 02:05:03
521,Artemis Medicare,Bengaluru,560002,Nephrology,327,46,11,42,15,122,354,No,3.6,+916925051248,2025-11-29 02:05:03
522,Artemis Medicare,Bengaluru,560005,Gastroenterology,314,59,42,26,30,130,219,No,4.0,+919423589385,2025-11-29 02:05:03
523,Wellness Hospital,Hyderabad,500004,Gynecology,301,54,50,44,23,140,208,No,4.0,+916507107152,2025-11-29 02:05:03
524,CureOne Medical Center,Chennai,600001,Nephrology,45,9,8,14,103,40,117,No,3.5,+919717725247,2025-11-29 02:05:03
525,Vibrant Life Hospital,Mumbai,400003,Orthopedics,247,29,11,7,65,168,77,No,3.3,+916808525832,2025-11-29 02:05:03
526,Artemis Medicare,Chennai,600001,Nephrology,215,36,22,7,102,41,98,No,4.4,+917713171083,2025-11-29 02:05:03
527,Artemis Medicare,Bengaluru,560002,Nephrology,347,24,2,15,42,79,336,Yes,3.5,+916481926107,2025-11-29 02:05:03
528,Manipal Hospital,Hyderabad,500004,Cardiology,305,28,16,22,59,170,327,No,3.4,+918951221927,2025-11-29 02:05:03
529,Apollo Hospitals,Pune,411001,General Medicine,34,5,3,31,11,85,399,No,3.0,+917723954673,2025-11-29 02:05:03
530,Care Hospitals,Pune,411003,ENT,262,42,30,50,85,16,40,Yes,3.8,+917511503415,2025-11-29 02:05:03
531,Aster Prime Hospital,Bengaluru,560001,Pulmonology,320,14,13,24,22,71,25,Yes,3.4,+917970640387,2025-11-29 02:05:03
532,City Care Hospital,Pune,411005,Oncology,34,6,4,44,14,10,107,No,3.4,+919427418105,2025-11-29 02:05:03
533,Vibrant Life Hospital,Hyderabad,500003,Emergency Medicine,279,37,15,27,98,147,385,Yes,4.4,+917506523396,2025-11-29 02:05:03
534,Unity Hospital,Mumbai,400005,ICU Care,285,26,16,44,53,108,98,Yes,4.5,+916524178846,2025-11-29 02:05:03
535,Yashoda Hospital,Chennai,600003,Pediatrics,110,5,3,25,69,25,53,No,4.9,+917356027120,2025-11-29 02:05:03
536,Apollo Hospitals,Mumbai,400001,Pulmonology,319,25,4,9,77,62,91,Yes,4.0,+919825676706,2025-11-29 02:05:03
537,Vasan Eye Care,Hyderabad,500003,Oncology,177,7,4,49,79,47,110,Yes,3.2,+916859133197,2025-11-29 02:05:03
538,Vibrant Life Hospital,Hyderabad,500002,ENT,356,29,14,32,21,56,334,No,4.2,+918130740562,2025-11-29 02:05:03
539,Columbia Asia Hospital,Chennai,600004,Gastroenterology,57,10,5,27,112,154,183,No,3.1,+919366997166,2025-11-29 02:05:03
540,Global Hospitals,Hyderabad,500001,ENT,53,5,5,23,20,65,84,Yes,4.6,+916984155900,2025-11-29 02:05:03
541,Prerana Hospital,Chennai,600003,Pulmonology,371,32,2,22,118,34,133,Yes,4.0,+917370122795,2025-11-29 02:05:03
542,Sanjeevani Hospital,Pune,411005,Orthopedics,124,12,11,35,37,199,379,No,4.5,+919022240659,2025-11-29 02:05:03
543,Manipal Hospital,Mumbai,400002,Gastroenterology,182,27,6,45,43,179,119,No,3.8,+917158736945,2025-11-29 02:05:03
544,Omega Hospitals,Hyderabad,500001,Pediatrics,279,36,28,29,85,176,308,No,3.0,+918114623638,2025-11-29 02:05:03
545,Elite Multi‑Speciality Hospital,Mumbai,400002,Orthopedics,84,16,2,44,18,121,90,Yes,3.8,+919126668878,2025-11-29 02:05:03
546,MetroCare Hospital,Hyderabad,500004,Pediatrics,95,14,12,8,102,20,98,Yes,3.6,+918487820300,2025-11-29 02:05:03
547,Omega Hospitals,Pune,411003,Pediatrics,190,33,3,15,48,171,390,Yes,3.3,+919144858852,2025-11-29 02:05:03
548,Unity Hospital,Bengaluru,560003,Orthopedics,304,35,30,17,87,47,240,Yes,4.7,+916085094375,2025-11-29 02:05:03
549,Artemis Medicare,Bengaluru,560001,General Medicine,127,22,5,30,12,39,172,Yes,4.2,+918854977450,2025-11-29 02:05:03
550,Lifeline Hospital,Mumbai,400001,Pulmonology,343,67,56,10,88,34,113,Yes,4.0,+918078846181,2025-11-29 02:05:03
551,Elite Multi‑Speciality Hospital,Hyderabad,500001,Pediatrics,288,14,11,13,63,81,219,Yes,4.1,+918336787426,2025-11-29 02:05:03
552,Max Super Speciality Hospital,Hyderabad,500001,Dermatology,340,58,2,40,79,105,280,No,4.5,+916184985102,2025-11-29 02:05:03
553,Max Super Speciality Hospital,Bengaluru,560003,Gastroenterology,246,12,9,32,87,190,41,No,4.3,+918048422771,2025-11-29 02:05:03
554,City Care Hospital,Pune,411004,ENT,37,6,5,21,108,17,36,No,4.0,+919713647010,2025-11-29 02:05:03
555,Vibrant Life Hospital,Chennai,600001,General Medicine,47,8,3,20,119,43,215,Yes,4.8,+919906869667,2025-11-29 02:05:03
556,Wellness Hospital,Hyderabad,500003,Oncology,118,17,13,45,31,84,55,No,3.1,+917765933278,2025-11-29 02:05:03
557,Yashoda Hospital,Pune,411003,Gastroenterology,106,7,4,37,53,35,332,No,4.2,+918964150021,2025-11-29 02:05:03
558,Pulse Multi‑Speciality Hospital,Mumbai,400002,Nephrology,263,24,19,32,110,135,140,No,3.4,+918651476768,2025-11-29 02:05:03
559,Vinn Hospital,Chennai,600003,Emergency Medicine,100,5,4,19,26,78,288,No,4.3,+919863804178,2025-11-29 02:05:03
560,Unity Hospital,Hyderabad,500003,Pulmonology,114,20,10,15,101,153,225,Yes,4.9,+919552850399,2025-11-29 02:05:03
561,Revive Medical Center,Chennai,600002,Emergency Medicine,31,6,2,48,58,60,188,Yes,3.5,+918286936166,2025-11-29 02:05:03
562,Fortis Healthcare,Hyderabad,500005,Oncology,113,16,14,22,72,34,59,Yes,3.1,+917192081619,2025-11-29 02:05:03
563,Narayana Health,Mumbai,400002,Dermatology,65,8,4,50,75,119,381,No,4.6,+916990980735,2025-11-29 02:05:03
564,Wellness Hospital,Pune,411004,Gynecology,292,20,18,8,12,162,85,Yes,3.3,+917961476295,2025-11-29 02:05:03
565,MetroCare Hospital,Bengaluru,560003,Pediatrics,221,15,3,8,112,149,397,No,3.1,+919459707696,2025-11-29 02:05:03
566,Harmony Health Center,Bengaluru,560004,Urology,176,24,6,33,94,88,207,No,3.1,+917279727932,2025-11-29 02:05:03
567,Yashoda Hospital,Pune,411004,Pulmonology,387,29,16,23,83,26,379,Yes,3.7,+919606208836,2025-11-29 02:05:03
568,Star Hospitals,Hyderabad,500005,Pulmonology,384,67,27,44,109,21,116,No,3.4,+916127423800,2025-11-29 02:05:03
569,Global Hospitals,Chennai,600003,Urology,289,9,7,11,103,162,232,Yes,3.4,+918911739249,2025-11-29 02:05:03
570,Manipal Hospital,Hyderabad,500005,Oncology,375,12,6,37,83,57,30,Yes,4.7,+917254473961,2025-11-29 02:05:03
571,Harmony Health Center,Chennai,600005,Orthopedics,119,22,11,26,40,36,186,Yes,4.3,+919921874827,2025-11-29 02:05:03
572,Vinn Hospital,Hyderabad,500001,Gastroenterology,254,39,13,25,77,68,388,No,4.1,+916314550706,2025-11-29 02:05:03
573,Continental Hospitals,Pune,411002,Neurology,268,32,31,36,52,140,217,No,4.8,+917350883730,2025-11-29 02:05:03
574,Vibrant Life Hospital,Chennai,600001,Oncology,316,62,48,32,86,173,301,Yes,3.2,+917662443504,2025-11-29 02:05:03
575,Prime Care Hospital,Hyderabad,500004,Nephrology,243,48,8,48,103,48,285,Yes,3.2,+919367821981,2025-11-29 02:05:03
576,Max Super Speciality Hospital,Bengaluru,560004,ICU Care,146,14,2,13,115,167,347,Yes,4.8,+919738044916,2025-11-29 02:05:03
577,Lifeline Hospital,Hyderabad,500005,Orthopedics,341,68,26,40,98,36,277,No,4.6,+918043276363,2025-11-29 02:05:03
578,KIMS Hospital,Bengaluru,560005,Gastroenterology,67,5,2,28,20,41,281,Yes,3.2,+918812308576,2025-11-29 02:05:03
579,Artemis Medicare,Pune,411002,ENT,376,24,15,5,89,46,44,No,5.0,+916375629948,2025-11-29 02:05:03
580,Vibrant Life Hospital,Pune,411003,Gastroenterology,387,69,66,16,71,61,379,Yes,4.7,+916896307318,2025-11-29 02:05:03
581,Star Hospitals,Bengaluru,560002,Neurology,378,68,47,15,117,121,56,No,4.9,+917388690979,2025-11-29 02:05:03
582,Grace Care Hospital,Pune,411005,General Medicine,385,41,33,11,115,79,54,Yes,3.7,+916478309350,2025-11-29 02:05:03
583,Prime Care Hospital,Chennai,600002,Orthopedics,318,14,10,31,44,129,80,No,4.5,+917143875354,2025-11-29 02:05:03
584,Heritage Medical Center,Bengaluru,560002,Dermatology,339,23,14,17,52,145,259,No,4.9,+917839816317,2025-11-29 02:05:03
585,Vasan Eye Care,Bengaluru,560004,Urology,38,6,5,7,109,50,329,No,4.2,+916680794621,2025-11-29 02:05:03
586,Apollo Hospitals,Pune,411002,Dermatology,73,10,7,44,46,78,259,No,3.6,+917966691879,2025-11-29 02:05:03
587,Medicover Hospital,Pune,411003,Urology,232,7,5,16,49,137,47,Yes,3.7,+919231633456,2025-11-29 02:05:03
588,Manipal Hospital,Bengaluru,560004,Neurology,200,12,11,18,81,184,370,Yes,4.4,+918292109221,2025-11-29 02:05:03
589,Horizon Super Speciality,Mumbai,400001,Gastroenterology,204,22,15,29,33,70,182,Yes,3.6,+919323396356,2025-11-29 02:05:03
590,Star Hospitals,Pune,411004,Pulmonology,151,10,10,9,95,93,250,No,3.9,+919781419644,2025-11-29 02:05:03
591,Elite Multi‑Speciality Hospital,Pune,411002,ENT,256,33,20,31,111,172,360,Yes,4.3,+919297449262,2025-11-29 02:05:03
592,Narayana Health,Hyderabad,500001,Cardiology,275,42,16,43,84,22,208,No,3.8,+916141898928,2025-11-29 02:05:03
593,Sunshine Hospitals,Mumbai,400004,ICU Care,236,13,13,32,59,24,210,Yes,3.1,+917853689170,2025-11-29 02:05:03
594,Fortis Healthcare,Bengaluru,560001,Orthopedics,252,11,6,36,29,143,373,Yes,4.8,+916353083869,2025-11-29 02:05:03
595,Lifeline Hospital,Chennai,600001,Orthopedics,85,5,3,24,101,157,233,No,3.7,+916284267160,2025-11-29 02:05:03
596,Wellness Hospital,Hyderabad,500004,ENT,358,36,12,48,52,120,181,No,4.1,+916527319870,2025-11-29 02:05:03
597,Grace Care Hospital,Bengaluru,560001,Pulmonology,237,46,15,7,90,61,65,No,4.3,+917055095737,2025-11-29 02:05:03
598,Wellness Hospital,Mumbai,400001,General Medicine,188,31,22,22,92,175,280,Yes,4.7,+916559860913,2025-11-29 02:05:03
599,KIMS Hospital,Bengaluru,560002,Pediatrics,343,61,50,11,66,123,55,Yes,4.5,+918522894406,2025-11-29 02:05:03
600,KIMS Hospital,Mumbai,400005,Nephrology,143,6,6,15,118,97,263,No,4.2,+919192797047,2025-11-29 02:05:03
